{
  "designerVersion" : "1.9.45",
  "id" : "pbImage",
  "name" : "Image",
  "lastUpdate" : 1559916891597,
  "template" : "<img class=\"img-responsive\" ng-if=\"(properties.srcType ==='Asset' &amp;&amp; properties.assetName) || (properties.srcType !== 'Asset' &amp;&amp; properties.url)\" ng-src=\"{{ (properties.srcType==='Asset')? ((environment.editor.pageId) ? 'preview/page/' + environment.editor.pageId + '/' : '' ) + 'assets/img/' + properties.assetName : properties.url }}\" alt=\"{{ properties.alt }}\">\n<img class=\"img-responsive\" ng-if=\"!(properties.srcType ==='Asset' &amp;&amp; properties.assetName) &amp;&amp; !(properties.srcType !== 'Asset' &amp;&amp; properties.url)\" ng-src=\"data:image/svg+xml,%3Csvg%20xmlns%3D'http%3A%2F%2Fwww.w3.org%2F2000%2Fsvg'%20viewBox%3D'0%200%2050%2020'%3E%3Cpath%20fill%3D'%23ccc'%20d%3D'M10%201v18h30V1H10zm29%2017H11V2h28v16zM20%209.1l3%203%205-7L36%2016H14l6-6.9zM18%206c0%201.1-.9%202-2%202s-2-.9-2-2%20.9-2%202-2%202%20.9%202%202z'%2F%3E%3C%2Fsvg%3E\">\n",
  "icon" : "<svg xmlns='http://www.w3.org/2000/svg' viewBox='0 0 50 20'><path fill='#fff' d='M10 1v18h30V1H10zm29 17H11V2h28v16zM20 9.1l3 3 5-7L36 16H14l6-6.9zM18 6c0 1.1-.9 2-2 2s-2-.9-2-2 .9-2 2-2 2 .9 2 2z'/></svg>",
  "description" : "Display an image from assets or from a URL",
  "custom" : false,
  "order" : 15,
  "properties" : [ {
    "label" : "Source Type",
    "name" : "srcType",
    "type" : "choice",
    "defaultValue" : "URL",
    "choiceValues" : [ "URL", "Asset" ],
    "bond" : "constant"
  }, {
    "label" : "URL",
    "name" : "url",
    "showFor" : "properties.srcType.value === 'URL'",
    "type" : "text",
    "bond" : "expression"
  }, {
    "label" : "Asset Name",
    "name" : "assetName",
    "showFor" : "properties.srcType.value === 'Asset'",
    "type" : "text",
    "bond" : "expression"
  }, {
    "label" : "Alternate text",
    "name" : "alt",
    "help" : "Specifies an alternate text for an image. The text should describe the image if the image contains information or should be left empty if the image is only for decoration",
    "type" : "text",
    "bond" : "interpolation"
  } ],
  "assets" : [ ],
  "requiredModules" : [ ],
  "type" : "widget",
  "hasHelp" : false
}