{
  "designerVersion" : "1.9.45",
  "id" : "pbFileViewer",
  "name" : "File Viewer",
  "lastUpdate" : 1559916825744,
  "template" : "<div ng-if=\"environment\">\n  <div>\n    <a href=\"\" class=\"FileViewer-fileName\">{{ 'FileName' | translate }}</a>\n  </div>\n  <div ng-if=\"properties.showPreview\" class=\"img-responsive FileViewer-iconPreview\"  >\n    <img class=\"img-responsive\"  style=\"padding-top:10px;margin: auto;\" src=\"data:image/svg+xml,%3Csvg%20viewBox%3D%270%200%2040%2020%27%20version%3D%271.1%27%20xmlns%3D%27http%3A%2F%2Fwww.w3.org%2F2000%2Fsvg%27%20xmlns%3Axlink%3D%27http%3A%2F%2Fwww.w3.org%2F1999%2Fxlink%27%20xml%3Aspace%3D%27preserve%27%20style%3D%27fill-rule%3Aevenodd%3Bclip-rule%3Aevenodd%3Bstroke-linejoin%3Around%3Bstroke-miterlimit%3A1.41421%3B%27%3E%3Cg%3E%3Cpath%20d%3D%27M11.75%2C19.775l-3.283%2C0c-0.52%2C0%20-0.942%2C-0.45%20-0.942%2C-1.005c0%2C-3.396%200%2C-14.415%200%2C-17.81c0%2C-0.555%200.422%2C-1.006%200.942%2C-1.006l8.468%2C0l5.69%2C6.105l0%2C2.841c-2.097%2C0%20-4.055%2C0.595%20-5.717%2C1.624l-6.544%2C0l0%2C1.508l4.628%2C0c-0.452%2C0.445%20-0.864%2C0.93%20-1.233%2C1.447l-3.395%2C0l0%2C1.508l2.496%2C0c-0.093%2C0.188%20-0.18%2C0.379%20-0.262%2C0.573c-0.155%2C0.282%20-0.288%2C0.574%20-0.394%2C0.876l-1.84%2C0l0%2C1.508l1.537%2C0l-0.002%2C0.029c-0.098%2C0.586%20-0.149%2C1.188%20-0.149%2C1.802ZM19.785%2C7.569l-9.421%2C0l0%2C1.508l9.421%2C0l0%2C-1.508ZM21.551%2C6.031l-4.734%2C-5.003c0%2C0%200%2C2.537%200%2C3.997c0%2C0.267%200.1%2C0.523%200.276%2C0.711c0.177%2C0.189%200.417%2C0.295%200.667%2C0.295l3.791%2C0Z%27%20style%3D%27fill%3A%23ccc%3B%27%2F%3E%3Cg%3E%3Cpath%20d%3D%27M16.648%2C16.683l-1.021%2C-1.037c2.211%2C-2.052%205.172%2C-3.307%208.424%2C-3.307c3.252%2C0%206.213%2C1.255%208.424%2C3.307l-1.021%2C1.037c-1.981%2C-1.9%20-4.571%2C-3.051%20-7.403%2C-3.051c-2.832%2C0%20-5.422%2C1.151%20-7.403%2C3.051Z%27%20style%3D%27fill%3A%23ccc%3B%27%2F%3E%3Cpath%20d%3D%27M19.052%2C17.849l-0.259%2C0.43c1.468%2C0.837%203.247%2C1.327%205.163%2C1.327c2%2C0%203.85%2C-0.533%205.353%2C-1.438l-0.255%2C-0.424c-1.456%2C0.815%20-3.21%2C1.29%20-5.098%2C1.29c-1.804%2C0%20-3.487%2C-0.435%20-4.904%2C-1.185Z%27%20style%3D%27fill%3A%23ccc%3B%27%2F%3E%3Cpath%20d%3D%27M24.06%2C12.353c1.587%2C0%202.876%2C1.289%202.876%2C2.876c0%2C1.587%20-1.289%2C2.876%20-2.876%2C2.876c-1.588%2C0%20-2.877%2C-1.289%20-2.877%2C-2.876c0%2C-1.587%201.289%2C-2.876%202.877%2C-2.876ZM25.244%2C14.174c0.582%2C0%201.055%2C0.473%201.055%2C1.055c0%2C0.582%20-0.473%2C1.055%20-1.055%2C1.055c-0.582%2C0%20-1.054%2C-0.473%20-1.054%2C-1.055c0%2C-0.582%200.472%2C-1.055%201.054%2C-1.055Z%27%20style%3D%27fill%3A%23ccc%3B%27%2F%3E%3C%2Fg%3E%3C%2Fg%3E%3C%2Fsvg%3E\" alt=\"{{ 'File viewer icon' | uiTranslate }}\"/>\n  </div>\n</div>\n\n<div ng-if=\"!environment && ctrl.fileName\">\n  <a class=\"FileViewer-fileName\"\n     title=\"{{'View' | uiTranslate}} {{ ctrl.fileName || ctrl.getDocumentViewUrl() }}\"\n     ng-if=\"ctrl.isImage() || ctrl.isPDF()\"\n     ng-href=\"{{ctrl.getTrustedDocumentViewUrl()}}\"\n     box-viewer>\n      {{ ctrl.fileName || ctrl.getDocumentViewUrl() }}\n  </a>\n  <a class=\"FileViewer-fileName\"\n     title=\"{{'Download' | uiTranslate}} {{ ctrl.fileName || ctrl.getDocumentViewUrl() }}\"\n     ng-if=\"!ctrl.isImage() && !ctrl.isPDF()\"\n     ng-href=\"{{ctrl.getDocumentViewUrl()}}\">\n      {{ ctrl.fileName || ctrl.getDocumentViewUrl() }}\n  </a>\n\n  <div ng-if=\"properties.showPreview && ctrl.isPDF() && !ctrl.isMobileDevice()\">\n    <iframe ng-src=\"{{ctrl.getTrustedDocumentViewUrl()}}\" frameborder=\"0\" class=\"document-iframe\"></iframe>\n  </div>\n\n  <div\n      ng-if=\"properties.showPreview && ctrl.isPDF() && ctrl.isMobileDevice()\"\n      ng-click=\"ctrl.openInNewTab()\">\n      <embed\n          ng-src=\"{{ctrl.getTrustedDocumentViewUrl()}}\"\n          frameborder=\"0\"\n          scrolling=\"no\"\n          class=\"FileViewer-iframe--mobile\">\n      </embed>\n  </div>\n\n  <div ng-if=\"properties.showPreview && ctrl.isImage()\">\n    <a title=\"{{ ctrl.fileName || ctrl.getDocumentViewUrl() }}\"\n       box-viewer\n       ng-href=\"{{ctrl.getTrustedDocumentViewUrl()}}\">\n      <img ng-src=\"{{ctrl.getTrustedDocumentViewUrl()}}\"\n           alt=\"{{ 'File unavailable' | translate }}\"\n           class=\"FileViewer-img img-responsive\"/>\n    </a>\n  </div>\n\n  <div ng-if=\"properties.showPreview && (!ctrl.isImage() && !ctrl.isPDF())\">\n    <span class=\"FileViewer-previewNotAvailable\" ui-translate>Preview is not available</span>\n  </div>\n</div>\n",
  "icon" : "<?xml version=\"1.0\" standalone=\"no\"?><!DOCTYPE svg PUBLIC \"-//W3C//DTD SVG 1.1//EN\" \"http://www.w3.org/Graphics/SVG/1.1/DTD/svg11.dtd\"><svg width=\"100%\" height=\"100%\" viewBox=\"0 0 40 20\" version=\"1.1\" xmlns=\"http://www.w3.org/2000/svg\" xmlns:xlink=\"http://www.w3.org/1999/xlink\" xml:space=\"preserve\" style=\"fill-rule:evenodd;clip-rule:evenodd;stroke-linejoin:round;stroke-miterlimit:1.41421;\"><g><path d=\"M11.75,19.775l-3.283,0c-0.52,0 -0.942,-0.45 -0.942,-1.005c0,-3.396 0,-14.415 0,-17.81c0,-0.555 0.422,-1.006 0.942,-1.006l8.468,0l5.69,6.105l0,2.841c-2.097,0 -4.055,0.595 -5.717,1.624l-6.544,0l0,1.508l4.628,0c-0.452,0.445 -0.864,0.93 -1.233,1.447l-3.395,0l0,1.508l2.496,0c-0.093,0.188 -0.18,0.379 -0.262,0.573c-0.155,0.282 -0.288,0.574 -0.394,0.876l-1.84,0l0,1.508l1.537,0l-0.002,0.029c-0.098,0.586 -0.149,1.188 -0.149,1.802ZM19.785,7.569l-9.421,0l0,1.508l9.421,0l0,-1.508ZM21.551,6.031l-4.734,-5.003c0,0 0,2.537 0,3.997c0,0.267 0.1,0.523 0.276,0.711c0.177,0.189 0.417,0.295 0.667,0.295l3.791,0Z\" style=\"fill:#fff;\"/><g><path d=\"M16.648,16.683l-1.021,-1.037c2.211,-2.052 5.172,-3.307 8.424,-3.307c3.252,0 6.213,1.255 8.424,3.307l-1.021,1.037c-1.981,-1.9 -4.571,-3.051 -7.403,-3.051c-2.832,0 -5.422,1.151 -7.403,3.051Z\" style=\"fill:#fff;\"/><path d=\"M19.052,17.849l-0.259,0.43c1.468,0.837 3.247,1.327 5.163,1.327c2,0 3.85,-0.533 5.353,-1.438l-0.255,-0.424c-1.456,0.815 -3.21,1.29 -5.098,1.29c-1.804,0 -3.487,-0.435 -4.904,-1.185Z\" style=\"fill:#fff;\"/><path d=\"M24.06,12.353c1.587,0 2.876,1.289 2.876,2.876c0,1.587 -1.289,2.876 -2.876,2.876c-1.588,0 -2.877,-1.289 -2.877,-2.876c0,-1.587 1.289,-2.876 2.877,-2.876ZM25.244,14.174c0.582,0 1.055,0.473 1.055,1.055c0,0.582 -0.473,1.055 -1.055,1.055c-0.582,0 -1.054,-0.473 -1.054,-1.055c0,-0.582 0.472,-1.055 1.054,-1.055Z\" style=\"fill:#fff;\"/></g></g></svg>",
  "controller" : "function WidgetController($scope, $log, $window, $sce) {\n\n  var controller = this;\n  var userAgent = $window.navigator.userAgent;\n  var vendor = $window.navigator.vendor;\n\n  $scope.$watch('[properties.document, properties.url]', function() {\n    controller.fileName = getFileName();\n    controller.loadDocument();\n  }, true);\n\n  controller.loadDocument = function() {\n    controller.document = null;\n    if ($scope.properties.document) {\n      if (angular.isArray($scope.properties.document)) {\n        $log.error('The documentViewer property named \"document\" should hold a single document. You might want to use documents[0]');\n      } else if (angular.isObject($scope.properties.document) && $scope.properties.document.id) {\n        controller.document = $scope.properties.document;\n      } else {\n        $log.error('The documentViewer property named \"document\" does not contain a Bonita document and cannot be rendered.');\n      }\n    }\n  };\n\n  controller.isPDF = function() {\n    return ['pdf'].indexOf(controller.extractFileExtension(controller.fileName)) > -1;\n  };\n\n  controller.isImage = function() {\n    return ['png', 'jpg', 'jpeg', 'gif'].indexOf(controller.extractFileExtension(controller.fileName)) > -1;\n  };\n\n  controller.getDocumentViewUrl = function() {\n    if (isTypeProcessDocument() && controller.document) {\n      if (isInitializedByAnExternalSystem(controller.document)) {\n        return controller.document.url;\n      }\n      return '../API/formsDocumentImage?document='+ controller.document.id;\n    } else {\n      return $scope.properties.url;\n    }\n  };\n\n  controller.getTrustedDocumentViewUrl = function() {\n    return $sce.trustAsResourceUrl(controller.getDocumentViewUrl());\n  };\n\n  controller.extractFileExtension = function(file) {\n    return file.split('?')[0].split('.').pop().toLowerCase();\n  };\n\n  // see https://stackoverflow.com/questions/11381673/detecting-a-mobile-browser\n  controller.isMobileDevice = function() {\n    var check = false;\n    (function(a){if(/(android|bb\\d+|meego).+mobile|avantgo|bada\\/|blackberry|blazer|compal|elaine|fennec|hiptop|iemobile|ip(hone|od)|iris|kindle|lge |maemo|midp|mmp|mobile.+firefox|netfront|opera m(ob|in)i|palm( os)?|phone|p(ixi|re)\\/|plucker|pocket|psp|series(4|6)0|symbian|treo|up\\.(browser|link)|vodafone|wap|windows ce|xda|xiino/i.test(a)||/1207|6310|6590|3gso|4thp|50[1-6]i|770s|802s|a wa|abac|ac(er|oo|s\\-)|ai(ko|rn)|al(av|ca|co)|amoi|an(ex|ny|yw)|aptu|ar(ch|go)|as(te|us)|attw|au(di|\\-m|r |s )|avan|be(ck|ll|nq)|bi(lb|rd)|bl(ac|az)|br(e|v)w|bumb|bw\\-(n|u)|c55\\/|capi|ccwa|cdm\\-|cell|chtm|cldc|cmd\\-|co(mp|nd)|craw|da(it|ll|ng)|dbte|dc\\-s|devi|dica|dmob|do(c|p)o|ds(12|\\-d)|el(49|ai)|em(l2|ul)|er(ic|k0)|esl8|ez([4-7]0|os|wa|ze)|fetc|fly(\\-|_)|g1 u|g560|gene|gf\\-5|g\\-mo|go(\\.w|od)|gr(ad|un)|haie|hcit|hd\\-(m|p|t)|hei\\-|hi(pt|ta)|hp( i|ip)|hs\\-c|ht(c(\\-| |_|a|g|p|s|t)|tp)|hu(aw|tc)|i\\-(20|go|ma)|i230|iac( |\\-|\\/)|ibro|idea|ig01|ikom|im1k|inno|ipaq|iris|ja(t|v)a|jbro|jemu|jigs|kddi|keji|kgt( |\\/)|klon|kpt |kwc\\-|kyo(c|k)|le(no|xi)|lg( g|\\/(k|l|u)|50|54|\\-[a-w])|libw|lynx|m1\\-w|m3ga|m50\\/|ma(te|ui|xo)|mc(01|21|ca)|m\\-cr|me(rc|ri)|mi(o8|oa|ts)|mmef|mo(01|02|bi|de|do|t(\\-| |o|v)|zz)|mt(50|p1|v )|mwbp|mywa|n10[0-2]|n20[2-3]|n30(0|2)|n50(0|2|5)|n7(0(0|1)|10)|ne((c|m)\\-|on|tf|wf|wg|wt)|nok(6|i)|nzph|o2im|op(ti|wv)|oran|owg1|p800|pan(a|d|t)|pdxg|pg(13|\\-([1-8]|c))|phil|pire|pl(ay|uc)|pn\\-2|po(ck|rt|se)|prox|psio|pt\\-g|qa\\-a|qc(07|12|21|32|60|\\-[2-7]|i\\-)|qtek|r380|r600|raks|rim9|ro(ve|zo)|s55\\/|sa(ge|ma|mm|ms|ny|va)|sc(01|h\\-|oo|p\\-)|sdk\\/|se(c(\\-|0|1)|47|mc|nd|ri)|sgh\\-|shar|sie(\\-|m)|sk\\-0|sl(45|id)|sm(al|ar|b3|it|t5)|so(ft|ny)|sp(01|h\\-|v\\-|v )|sy(01|mb)|t2(18|50)|t6(00|10|18)|ta(gt|lk)|tcl\\-|tdg\\-|tel(i|m)|tim\\-|t\\-mo|to(pl|sh)|ts(70|m\\-|m3|m5)|tx\\-9|up(\\.b|g1|si)|utst|v400|v750|veri|vi(rg|te)|vk(40|5[0-3]|\\-v)|vm40|voda|vulc|vx(52|53|60|61|70|80|81|83|85|98)|w3c(\\-| )|webc|whit|wi(g |nc|nw)|wmlb|wonu|x700|yas\\-|your|zeto|zte\\-/i.test((a || '').substr(0,4))) check = true;})(userAgent||vendor||$window.opera);\n    return check;\n  };\n\n  controller.openInNewTab = function() {\n    $window.open(controller.getTrustedDocumentViewUrl() + '', '_blank');\n  };\n\n  function getFileName() {\n    if (isTypeUrl()) {\n      return extractFileName($scope.properties.url);\n    }\n    if (isInitializedByAnExternalSystem($scope.properties.document)) {\n      return extractFileName($scope.properties.document.url);\n    }\n    return $scope.properties.document && $scope.properties.document.fileName;\n  }\n\n  function isTypeUrl() {\n    return $scope.properties.type === 'URL';\n  }\n\n  function isTypeProcessDocument() {\n    return  $scope.properties.type === 'Process document';\n  }\n\n  function extractFileName(name) {\n    return name && name.split('?')[0].split('/').pop();\n  }\n\n  function isInitializedByAnExternalSystem(document) {\n    // document initialized by an external system has no fileName\n    return document && document.fileName == null;\n  }\n}\n",
  "description" : "Link to display or download a document",
  "custom" : false,
  "order" : 16,
  "properties" : [ {
    "label" : "File source",
    "name" : "type",
    "help" : "Choose process document if the file is used by a process",
    "type" : "choice",
    "defaultValue" : "Process document",
    "choiceValues" : [ "Process document", "URL" ],
    "bond" : "constant"
  }, {
    "label" : "URL",
    "name" : "url",
    "caption" : "External API (variable) or URL",
    "help" : "Direct link to an external file",
    "showFor" : "properties.type.value === 'URL'",
    "type" : "text",
    "defaultValue" : "",
    "bond" : "expression"
  }, {
    "label" : "Process document",
    "name" : "document",
    "caption" : "<i>context.myDocument_ref</i> or <i>myVar.myDocument_ref</i>",
    "help" : "Referenced in a case context (current case or other cases)",
    "showFor" : "properties.type.value === 'Process document'",
    "type" : "text",
    "defaultValue" : "",
    "bond" : "variable"
  }, {
    "label" : "Show preview",
    "name" : "showPreview",
    "caption" : "Only works with formats supported by the browser (by default PDF and image)",
    "help" : "Display the document in the page or a form",
    "type" : "boolean",
    "defaultValue" : true,
    "bond" : "expression"
  } ],
  "assets" : [ {
    "id" : "bf7dc770-ed0c-4dc7-82ec-e213dc667848",
    "name" : "jquery-2.2.1.min.js",
    "type" : "js",
    "order" : 3,
    "external" : false
  }, {
    "id" : "a17647eb-fc27-42d4-958a-8a9e3653ca62",
    "name" : "jquery.fancybox-1.3.4.pack.js",
    "type" : "js",
    "order" : 4,
    "external" : false
  }, {
    "id" : "bb93194f-2dde-4620-91a4-69284f4f0b7a",
    "name" : "box-viewer.directive.js",
    "type" : "js",
    "order" : 5,
    "external" : false
  }, {
    "id" : "61df982e-a49f-41fc-9669-37d96cd52f50",
    "name" : "jquery.fancybox-1.3.4.css",
    "type" : "css",
    "order" : 1,
    "external" : false
  }, {
    "id" : "3337ceed-67c7-451e-ba85-b8ebbaa8a6d6",
    "name" : "style.css",
    "type" : "css",
    "order" : 2,
    "external" : false
  } ],
  "requiredModules" : [ ],
  "type" : "widget",
  "hasHelp" : false
}